observation_date,USREC,GS10,TB3MS
1854-12-01,1,,
1855-01-01,0,,
1855-02-01,0,,
1855-03-01,0,,
1855-04-01,0,,
1855-05-01,0,,
1855-06-01,0,,
1855-07-01,0,,
1855-08-01,0,,
1855-09-01,0,,
1855-10-01,0,,
1855-11-01,0,,
1855-12-01,0,,
1856-01-01,0,,
1856-02-01,0,,
1856-03-01,0,,
1856-04-01,0,,
1856-05-01,0,,
1856-06-01,0,,
1856-07-01,0,,
1856-08-01,0,,
1856-09-01,0,,
1856-10-01,0,,
1856-11-01,0,,
1856-12-01,0,,
1857-01-01,0,,
1857-02-01,0,,
1857-03-01,0,,
1857-04-01,0,,
1857-05-01,0,,
1857-06-01,0,,
1857-07-01,1,,
1857-08-01,1,,
1857-09-01,1,,
1857-10-01,1,,
1857-11-01,1,,
1857-12-01,1,,
1858-01-01,1,,
1858-02-01,1,,
1858-03-01,1,,
1858-04-01,1,,
1858-05-01,1,,
1858-06-01,1,,
1858-07-01,1,,
1858-08-01,1,,
1858-09-01,1,,
1858-10-01,1,,
1858-11-01,1,,
1858-12-01,1,,
1859-01-01,0,,
1859-02-01,0,,
1859-03-01,0,,
1859-04-01,0,,
1859-05-01,0,,
1859-06-01,0,,
1859-07-01,0,,
1859-08-01,0,,
1859-09-01,0,,
1859-10-01,0,,
1859-11-01,0,,
1859-12-01,0,,
1860-01-01,0,,
1860-02-01,0,,
1860-03-01,0,,
1860-04-01,0,,
1860-05-01,0,,
1860-06-01,0,,
1860-07-01,0,,
1860-08-01,0,,
1860-09-01,0,,
1860-10-01,0,,
1860-11-01,1,,
1860-12-01,1,,
1861-01-01,1,,
1861-02-01,1,,
1861-03-01,1,,
1861-04-01,1,,
1861-05-01,1,,
1861-06-01,1,,
1861-07-01,0,,
1861-08-01,0,,
1861-09-01,0,,
1861-10-01,0,,
1861-11-01,0,,
1861-12-01,0,,
1862-01-01,0,,
1862-02-01,0,,
1862-03-01,0,,
1862-04-01,0,,
1862-05-01,0,,
1862-06-01,0,,
1862-07-01,0,,
1862-08-01,0,,
1862-09-01,0,,
1862-10-01,0,,
1862-11-01,0,,
1862-12-01,0,,
1863-01-01,0,,
1863-02-01,0,,
1863-03-01,0,,
1863-04-01,0,,
1863-05-01,0,,
1863-06-01,0,,
1863-07-01,0,,
1863-08-01,0,,
1863-09-01,0,,
1863-10-01,0,,
1863-11-01,0,,
1863-12-01,0,,
1864-01-01,0,,
1864-02-01,0,,
1864-03-01,0,,
1864-04-01,0,,
1864-05-01,0,,
1864-06-01,0,,
1864-07-01,0,,
1864-08-01,0,,
1864-09-01,0,,
1864-10-01,0,,
1864-11-01,0,,
1864-12-01,0,,
1865-01-01,0,,
1865-02-01,0,,
1865-03-01,0,,
1865-04-01,0,,
1865-05-01,1,,
1865-06-01,1,,
1865-07-01,1,,
1865-08-01,1,,
1865-09-01,1,,
1865-10-01,1,,
1865-11-01,1,,
1865-12-01,1,,
1866-01-01,1,,
1866-02-01,1,,
1866-03-01,1,,
1866-04-01,1,,
1866-05-01,1,,
1866-06-01,1,,
1866-07-01,1,,
1866-08-01,1,,
1866-09-01,1,,
1866-10-01,1,,
1866-11-01,1,,
1866-12-01,1,,
1867-01-01,1,,
1867-02-01,1,,
1867-03-01,1,,
1867-04-01,1,,
1867-05-01,1,,
1867-06-01,1,,
1867-07-01,1,,
1867-08-01,1,,
1867-09-01,1,,
1867-10-01,1,,
1867-11-01,1,,
1867-12-01,1,,
1868-01-01,0,,
1868-02-01,0,,
1868-03-01,0,,
1868-04-01,0,,
1868-05-01,0,,
1868-06-01,0,,
1868-07-01,0,,
1868-08-01,0,,
1868-09-01,0,,
1868-10-01,0,,
1868-11-01,0,,
1868-12-01,0,,
1869-01-01,0,,
1869-02-01,0,,
1869-03-01,0,,
1869-04-01,0,,
1869-05-01,0,,
1869-06-01,0,,
1869-07-01,1,,
1869-08-01,1,,
1869-09-01,1,,
1869-10-01,1,,
1869-11-01,1,,
1869-12-01,1,,
1870-01-01,1,,
1870-02-01,1,,
1870-03-01,1,,
1870-04-01,1,,
1870-05-01,1,,
1870-06-01,1,,
1870-07-01,1,,
1870-08-01,1,,
1870-09-01,1,,
1870-10-01,1,,
1870-11-01,1,,
1870-12-01,1,,
1871-01-01,0,,
1871-02-01,0,,
1871-03-01,0,,
1871-04-01,0,,
1871-05-01,0,,
1871-06-01,0,,
1871-07-01,0,,
1871-08-01,0,,
1871-09-01,0,,
1871-10-01,0,,
1871-11-01,0,,
1871-12-01,0,,
1872-01-01,0,,
1872-02-01,0,,
1872-03-01,0,,
1872-04-01,0,,
1872-05-01,0,,
1872-06-01,0,,
1872-07-01,0,,
1872-08-01,0,,
1872-09-01,0,,
1872-10-01,0,,
1872-11-01,0,,
1872-12-01,0,,
1873-01-01,0,,
1873-02-01,0,,
1873-03-01,0,,
1873-04-01,0,,
1873-05-01,0,,
1873-06-01,0,,
1873-07-01,0,,
1873-08-01,0,,
1873-09-01,0,,
1873-10-01,0,,
1873-11-01,1,,
1873-12-01,1,,
1874-01-01,1,,
1874-02-01,1,,
1874-03-01,1,,
1874-04-01,1,,
1874-05-01,1,,
1874-06-01,1,,
1874-07-01,1,,
1874-08-01,1,,
1874-09-01,1,,
1874-10-01,1,,
1874-11-01,1,,
1874-12-01,1,,
1875-01-01,1,,
1875-02-01,1,,
1875-03-01,1,,
1875-04-01,1,,
1875-05-01,1,,
1875-06-01,1,,
1875-07-01,1,,
1875-08-01,1,,
1875-09-01,1,,
1875-10-01,1,,
1875-11-01,1,,
1875-12-01,1,,
1876-01-01,1,,
1876-02-01,1,,
1876-03-01,1,,
1876-04-01,1,,
1876-05-01,1,,
1876-06-01,1,,
1876-07-01,1,,
1876-08-01,1,,
1876-09-01,1,,
1876-10-01,1,,
1876-11-01,1,,
1876-12-01,1,,
1877-01-01,1,,
1877-02-01,1,,
1877-03-01,1,,
1877-04-01,1,,
1877-05-01,1,,
1877-06-01,1,,
1877-07-01,1,,
1877-08-01,1,,
1877-09-01,1,,
1877-10-01,1,,
1877-11-01,1,,
1877-12-01,1,,
1878-01-01,1,,
1878-02-01,1,,
1878-03-01,1,,
1878-04-01,1,,
1878-05-01,1,,
1878-06-01,1,,
1878-07-01,1,,
1878-08-01,1,,
1878-09-01,1,,
1878-10-01,1,,
1878-11-01,1,,
1878-12-01,1,,
1879-01-01,1,,
1879-02-01,1,,
1879-03-01,1,,
1879-04-01,0,,
1879-05-01,0,,
1879-06-01,0,,
1879-07-01,0,,
1879-08-01,0,,
1879-09-01,0,,
1879-10-01,0,,
1879-11-01,0,,
1879-12-01,0,,
1880-01-01,0,,
1880-02-01,0,,
1880-03-01,0,,
1880-04-01,0,,
1880-05-01,0,,
1880-06-01,0,,
1880-07-01,0,,
1880-08-01,0,,
1880-09-01,0,,
1880-10-01,0,,
1880-11-01,0,,
1880-12-01,0,,
1881-01-01,0,,
1881-02-01,0,,
1881-03-01,0,,
1881-04-01,0,,
1881-05-01,0,,
1881-06-01,0,,
1881-07-01,0,,
1881-08-01,0,,
1881-09-01,0,,
1881-10-01,0,,
1881-11-01,0,,
1881-12-01,0,,
1882-01-01,0,,
1882-02-01,0,,
1882-03-01,0,,
1882-04-01,1,,
1882-05-01,1,,
1882-06-01,1,,
1882-07-01,1,,
1882-08-01,1,,
1882-09-01,1,,
1882-10-01,1,,
1882-11-01,1,,
1882-12-01,1,,
1883-01-01,1,,
1883-02-01,1,,
1883-03-01,1,,
1883-04-01,1,,
1883-05-01,1,,
1883-06-01,1,,
1883-07-01,1,,
1883-08-01,1,,
1883-09-01,1,,
1883-10-01,1,,
1883-11-01,1,,
1883-12-01,1,,
1884-01-01,1,,
1884-02-01,1,,
1884-03-01,1,,
1884-04-01,1,,
1884-05-01,1,,
1884-06-01,1,,
1884-07-01,1,,
1884-08-01,1,,
1884-09-01,1,,
1884-10-01,1,,
1884-11-01,1,,
1884-12-01,1,,
1885-01-01,1,,
1885-02-01,1,,
1885-03-01,1,,
1885-04-01,1,,
1885-05-01,1,,
1885-06-01,0,,
1885-07-01,0,,
1885-08-01,0,,
1885-09-01,0,,
1885-10-01,0,,
1885-11-01,0,,
1885-12-01,0,,
1886-01-01,0,,
1886-02-01,0,,
1886-03-01,0,,
1886-04-01,0,,
1886-05-01,0,,
1886-06-01,0,,
1886-07-01,0,,
1886-08-01,0,,
1886-09-01,0,,
1886-10-01,0,,
1886-11-01,0,,
1886-12-01,0,,
1887-01-01,0,,
1887-02-01,0,,
1887-03-01,0,,
1887-04-01,1,,
1887-05-01,1,,
1887-06-01,1,,
1887-07-01,1,,
1887-08-01,1,,
1887-09-01,1,,
1887-10-01,1,,
1887-11-01,1,,
1887-12-01,1,,
1888-01-01,1,,
1888-02-01,1,,
1888-03-01,1,,
1888-04-01,1,,
1888-05-01,0,,
1888-06-01,0,,
1888-07-01,0,,
1888-08-01,0,,
1888-09-01,0,,
1888-10-01,0,,
1888-11-01,0,,
1888-12-01,0,,
1889-01-01,0,,
1889-02-01,0,,
1889-03-01,0,,
1889-04-01,0,,
1889-05-01,0,,
1889-06-01,0,,
1889-07-01,0,,
1889-08-01,0,,
1889-09-01,0,,
1889-10-01,0,,
1889-11-01,0,,
1889-12-01,0,,
1890-01-01,0,,
1890-02-01,0,,
1890-03-01,0,,
1890-04-01,0,,
1890-05-01,0,,
1890-06-01,0,,
1890-07-01,0,,
1890-08-01,1,,
1890-09-01,1,,
1890-10-01,1,,
1890-11-01,1,,
1890-12-01,1,,
1891-01-01,1,,
1891-02-01,1,,
1891-03-01,1,,
1891-04-01,1,,
1891-05-01,1,,
1891-06-01,0,,
1891-07-01,0,,
1891-08-01,0,,
1891-09-01,0,,
1891-10-01,0,,
1891-11-01,0,,
1891-12-01,0,,
1892-01-01,0,,
1892-02-01,0,,
1892-03-01,0,,
1892-04-01,0,,
1892-05-01,0,,
1892-06-01,0,,
1892-07-01,0,,
1892-08-01,0,,
1892-09-01,0,,
1892-10-01,0,,
1892-11-01,0,,
1892-12-01,0,,
1893-01-01,0,,
1893-02-01,1,,
1893-03-01,1,,
1893-04-01,1,,
1893-05-01,1,,
1893-06-01,1,,
1893-07-01,1,,
1893-08-01,1,,
1893-09-01,1,,
1893-10-01,1,,
1893-11-01,1,,
1893-12-01,1,,
1894-01-01,1,,
1894-02-01,1,,
1894-03-01,1,,
1894-04-01,1,,
1894-05-01,1,,
1894-06-01,1,,
1894-07-01,0,,
1894-08-01,0,,
1894-09-01,0,,
1894-10-01,0,,
1894-11-01,0,,
1894-12-01,0,,
1895-01-01,0,,
1895-02-01,0,,
1895-03-01,0,,
1895-04-01,0,,
1895-05-01,0,,
1895-06-01,0,,
1895-07-01,0,,
1895-08-01,0,,
1895-09-01,0,,
1895-10-01,0,,
1895-11-01,0,,
1895-12-01,0,,
1896-01-01,1,,
1896-02-01,1,,
1896-03-01,1,,
1896-04-01,1,,
1896-05-01,1,,
1896-06-01,1,,
1896-07-01,1,,
1896-08-01,1,,
1896-09-01,1,,
1896-10-01,1,,
1896-11-01,1,,
1896-12-01,1,,
1897-01-01,1,,
1897-02-01,1,,
1897-03-01,1,,
1897-04-01,1,,
1897-05-01,1,,
1897-06-01,1,,
1897-07-01,0,,
1897-08-01,0,,
1897-09-01,0,,
1897-10-01,0,,
1897-11-01,0,,
1897-12-01,0,,
1898-01-01,0,,
1898-02-01,0,,
1898-03-01,0,,
1898-04-01,0,,
1898-05-01,0,,
1898-06-01,0,,
1898-07-01,0,,
1898-08-01,0,,
1898-09-01,0,,
1898-10-01,0,,
1898-11-01,0,,
1898-12-01,0,,
1899-01-01,0,,
1899-02-01,0,,
1899-03-01,0,,
1899-04-01,0,,
1899-05-01,0,,
1899-06-01,0,,
1899-07-01,1,,
1899-08-01,1,,
1899-09-01,1,,
1899-10-01,1,,
1899-11-01,1,,
1899-12-01,1,,
1900-01-01,1,,
1900-02-01,1,,
1900-03-01,1,,
1900-04-01,1,,
1900-05-01,1,,
1900-06-01,1,,
1900-07-01,1,,
1900-08-01,1,,
1900-09-01,1,,
1900-10-01,1,,
1900-11-01,1,,
1900-12-01,1,,
1901-01-01,0,,
1901-02-01,0,,
1901-03-01,0,,
1901-04-01,0,,
1901-05-01,0,,
1901-06-01,0,,
1901-07-01,0,,
1901-08-01,0,,
1901-09-01,0,,
1901-10-01,0,,
1901-11-01,0,,
1901-12-01,0,,
1902-01-01,0,,
1902-02-01,0,,
1902-03-01,0,,
1902-04-01,0,,
1902-05-01,0,,
1902-06-01,0,,
1902-07-01,0,,
1902-08-01,0,,
1902-09-01,0,,
1902-10-01,1,,
1902-11-01,1,,
1902-12-01,1,,
1903-01-01,1,,
1903-02-01,1,,
1903-03-01,1,,
1903-04-01,1,,
1903-05-01,1,,
1903-06-01,1,,
1903-07-01,1,,
1903-08-01,1,,
1903-09-01,1,,
1903-10-01,1,,
1903-11-01,1,,
1903-12-01,1,,
1904-01-01,1,,
1904-02-01,1,,
1904-03-01,1,,
1904-04-01,1,,
1904-05-01,1,,
1904-06-01,1,,
1904-07-01,1,,
1904-08-01,1,,
1904-09-01,0,,
1904-10-01,0,,
1904-11-01,0,,
1904-12-01,0,,
1905-01-01,0,,
1905-02-01,0,,
1905-03-01,0,,
1905-04-01,0,,
1905-05-01,0,,
1905-06-01,0,,
1905-07-01,0,,
1905-08-01,0,,
1905-09-01,0,,
1905-10-01,0,,
1905-11-01,0,,
1905-12-01,0,,
1906-01-01,0,,
1906-02-01,0,,
1906-03-01,0,,
1906-04-01,0,,
1906-05-01,0,,
1906-06-01,0,,
1906-07-01,0,,
1906-08-01,0,,
1906-09-01,0,,
1906-10-01,0,,
1906-11-01,0,,
1906-12-01,0,,
1907-01-01,0,,
1907-02-01,0,,
1907-03-01,0,,
1907-04-01,0,,
1907-05-01,0,,
1907-06-01,1,,
1907-07-01,1,,
1907-08-01,1,,
1907-09-01,1,,
1907-10-01,1,,
1907-11-01,1,,
1907-12-01,1,,
1908-01-01,1,,
1908-02-01,1,,
1908-03-01,1,,
1908-04-01,1,,
1908-05-01,1,,
1908-06-01,1,,
1908-07-01,0,,
1908-08-01,0,,
1908-09-01,0,,
1908-10-01,0,,
1908-11-01,0,,
1908-12-01,0,,
1909-01-01,0,,
1909-02-01,0,,
1909-03-01,0,,
1909-04-01,0,,
1909-05-01,0,,
1909-06-01,0,,
1909-07-01,0,,
1909-08-01,0,,
1909-09-01,0,,
1909-10-01,0,,
1909-11-01,0,,
1909-12-01,0,,
1910-01-01,0,,
1910-02-01,1,,
1910-03-01,1,,
1910-04-01,1,,
1910-05-01,1,,
1910-06-01,1,,
1910-07-01,1,,
1910-08-01,1,,
1910-09-01,1,,
1910-10-01,1,,
1910-11-01,1,,
1910-12-01,1,,
1911-01-01,1,,
1911-02-01,1,,
1911-03-01,1,,
1911-04-01,1,,
1911-05-01,1,,
1911-06-01,1,,
1911-07-01,1,,
1911-08-01,1,,
1911-09-01,1,,
1911-10-01,1,,
1911-11-01,1,,
1911-12-01,1,,
1912-01-01,1,,
1912-02-01,0,,
1912-03-01,0,,
1912-04-01,0,,
1912-05-01,0,,
1912-06-01,0,,
1912-07-01,0,,
1912-08-01,0,,
1912-09-01,0,,
1912-10-01,0,,
1912-11-01,0,,
1912-12-01,0,,
1913-01-01,0,,
1913-02-01,1,,
1913-03-01,1,,
1913-04-01,1,,
1913-05-01,1,,
1913-06-01,1,,
1913-07-01,1,,
1913-08-01,1,,
1913-09-01,1,,
1913-10-01,1,,
1913-11-01,1,,
1913-12-01,1,,
1914-01-01,1,,
1914-02-01,1,,
1914-03-01,1,,
1914-04-01,1,,
1914-05-01,1,,
1914-06-01,1,,
1914-07-01,1,,
1914-08-01,1,,
1914-09-01,1,,
1914-10-01,1,,
1914-11-01,1,,
1914-12-01,1,,
1915-01-01,0,,
1915-02-01,0,,
1915-03-01,0,,
1915-04-01,0,,
1915-05-01,0,,
1915-06-01,0,,
1915-07-01,0,,
1915-08-01,0,,
1915-09-01,0,,
1915-10-01,0,,
1915-11-01,0,,
1915-12-01,0,,
1916-01-01,0,,
1916-02-01,0,,
1916-03-01,0,,
1916-04-01,0,,
1916-05-01,0,,
1916-06-01,0,,
1916-07-01,0,,
1916-08-01,0,,
1916-09-01,0,,
1916-10-01,0,,
1916-11-01,0,,
1916-12-01,0,,
1917-01-01,0,,
1917-02-01,0,,
1917-03-01,0,,
1917-04-01,0,,
1917-05-01,0,,
1917-06-01,0,,
1917-07-01,0,,
1917-08-01,0,,
1917-09-01,0,,
1917-10-01,0,,
1917-11-01,0,,
1917-12-01,0,,
1918-01-01,0,,
1918-02-01,0,,
1918-03-01,0,,
1918-04-01,0,,
1918-05-01,0,,
1918-06-01,0,,
1918-07-01,0,,
1918-08-01,0,,
1918-09-01,1,,
1918-10-01,1,,
1918-11-01,1,,
1918-12-01,1,,
1919-01-01,1,,
1919-02-01,1,,
1919-03-01,1,,
1919-04-01,0,,
1919-05-01,0,,
1919-06-01,0,,
1919-07-01,0,,
1919-08-01,0,,
1919-09-01,0,,
1919-10-01,0,,
1919-11-01,0,,
1919-12-01,0,,
1920-01-01,0,,
1920-02-01,1,,
1920-03-01,1,,
1920-04-01,1,,
1920-05-01,1,,
1920-06-01,1,,
1920-07-01,1,,
1920-08-01,1,,
1920-09-01,1,,
1920-10-01,1,,
1920-11-01,1,,
1920-12-01,1,,
1921-01-01,1,,
1921-02-01,1,,
1921-03-01,1,,
1921-04-01,1,,
1921-05-01,1,,
1921-06-01,1,,
1921-07-01,1,,
1921-08-01,0,,
1921-09-01,0,,
1921-10-01,0,,
1921-11-01,0,,
1921-12-01,0,,
1922-01-01,0,,
1922-02-01,0,,
1922-03-01,0,,
1922-04-01,0,,
1922-05-01,0,,
1922-06-01,0,,
1922-07-01,0,,
1922-08-01,0,,
1922-09-01,0,,
1922-10-01,0,,
1922-11-01,0,,
1922-12-01,0,,
1923-01-01,0,,
1923-02-01,0,,
1923-03-01,0,,
1923-04-01,0,,
1923-05-01,0,,
1923-06-01,1,,
1923-07-01,1,,
1923-08-01,1,,
1923-09-01,1,,
1923-10-01,1,,
1923-11-01,1,,
1923-12-01,1,,
1924-01-01,1,,
1924-02-01,1,,
1924-03-01,1,,
1924-04-01,1,,
1924-05-01,1,,
1924-06-01,1,,
1924-07-01,1,,
1924-08-01,0,,
1924-09-01,0,,
1924-10-01,0,,
1924-11-01,0,,
1924-12-01,0,,
1925-01-01,0,,
1925-02-01,0,,
1925-03-01,0,,
1925-04-01,0,,
1925-05-01,0,,
1925-06-01,0,,
1925-07-01,0,,
1925-08-01,0,,
1925-09-01,0,,
1925-10-01,0,,
1925-11-01,0,,
1925-12-01,0,,
1926-01-01,0,,
1926-02-01,0,,
1926-03-01,0,,
1926-04-01,0,,
1926-05-01,0,,
1926-06-01,0,,
1926-07-01,0,,
1926-08-01,0,,
1926-09-01,0,,
1926-10-01,0,,
1926-11-01,1,,
1926-12-01,1,,
1927-01-01,1,,
1927-02-01,1,,
1927-03-01,1,,
1927-04-01,1,,
1927-05-01,1,,
1927-06-01,1,,
1927-07-01,1,,
1927-08-01,1,,
1927-09-01,1,,
1927-10-01,1,,
1927-11-01,1,,
1927-12-01,0,,
1928-01-01,0,,
1928-02-01,0,,
1928-03-01,0,,
1928-04-01,0,,
1928-05-01,0,,
1928-06-01,0,,
1928-07-01,0,,
1928-08-01,0,,
1928-09-01,0,,
1928-10-01,0,,
1928-11-01,0,,
1928-12-01,0,,
1929-01-01,0,,
1929-02-01,0,,
1929-03-01,0,,
1929-04-01,0,,
1929-05-01,0,,
1929-06-01,0,,
1929-07-01,0,,
1929-08-01,0,,
1929-09-01,1,,
1929-10-01,1,,
1929-11-01,1,,
1929-12-01,1,,
1930-01-01,1,,
1930-02-01,1,,
1930-03-01,1,,
1930-04-01,1,,
1930-05-01,1,,
1930-06-01,1,,
1930-07-01,1,,
1930-08-01,1,,
1930-09-01,1,,
1930-10-01,1,,
1930-11-01,1,,
1930-12-01,1,,
1931-01-01,1,,
1931-02-01,1,,
1931-03-01,1,,
1931-04-01,1,,
1931-05-01,1,,
1931-06-01,1,,
1931-07-01,1,,
1931-08-01,1,,
1931-09-01,1,,
1931-10-01,1,,
1931-11-01,1,,
1931-12-01,1,,
1932-01-01,1,,
1932-02-01,1,,
1932-03-01,1,,
1932-04-01,1,,
1932-05-01,1,,
1932-06-01,1,,
1932-07-01,1,,
1932-08-01,1,,
1932-09-01,1,,
1932-10-01,1,,
1932-11-01,1,,
1932-12-01,1,,
1933-01-01,1,,
1933-02-01,1,,
1933-03-01,1,,
1933-04-01,0,,
1933-05-01,0,,
1933-06-01,0,,
1933-07-01,0,,
1933-08-01,0,,
1933-09-01,0,,
1933-10-01,0,,
1933-11-01,0,,
1933-12-01,0,,
1934-01-01,0,,0.72
1934-02-01,0,,0.62
1934-03-01,0,,0.24
1934-04-01,0,,0.15
1934-05-01,0,,0.16
1934-06-01,0,,0.15
1934-07-01,0,,0.15
1934-08-01,0,,0.19
1934-09-01,0,,0.21
1934-10-01,0,,0.27
1934-11-01,0,,0.25
1934-12-01,0,,0.23
1935-01-01,0,,0.20
1935-02-01,0,,0.19
1935-03-01,0,,0.15
1935-04-01,0,,0.15
1935-05-01,0,,0.15
1935-06-01,0,,0.15
1935-07-01,0,,0.15
1935-08-01,0,,0.16
1935-09-01,0,,0.20
1935-10-01,0,,0.20
1935-11-01,0,,0.16
1935-12-01,0,,0.15
1936-01-01,0,,0.20
1936-02-01,0,,0.20
1936-03-01,0,,0.20
1936-04-01,0,,0.20
1936-05-01,0,,0.20
1936-06-01,0,,0.20
1936-07-01,0,,0.15
1936-08-01,0,,0.20
1936-09-01,0,,0.16
1936-10-01,0,,0.13
1936-11-01,0,,0.11
1936-12-01,0,,0.12
1937-01-01,0,,0.17
1937-02-01,0,,0.15
1937-03-01,0,,0.38
1937-04-01,0,,0.56
1937-05-01,0,,0.41
1937-06-01,1,,0.36
1937-07-01,1,,0.28
1937-08-01,1,,0.29
1937-09-01,1,,0.31
1937-10-01,1,,0.20
1937-11-01,1,,0.09
1937-12-01,1,,0.11
1938-01-01,1,,0.10
1938-02-01,1,,0.08
1938-03-01,1,,0.08
1938-04-01,1,,0.09
1938-05-01,1,,0.05
1938-06-01,1,,0.05
1938-07-01,0,,0.07
1938-08-01,0,,0.06
1938-09-01,0,,0.08
1938-10-01,0,,0.05
1938-11-01,0,,0.04
1938-12-01,0,,0.03
1939-01-01,0,,0.03
1939-02-01,0,,0.03
1939-03-01,0,,0.03
1939-04-01,0,,0.03
1939-05-01,0,,0.03
1939-06-01,0,,0.03
1939-07-01,0,,0.04
1939-08-01,0,,0.05
1939-09-01,0,,0.14
1939-10-01,0,,0.05
1939-11-01,0,,0.05
1939-12-01,0,,0.04
1940-01-01,0,,0.01
1940-02-01,0,,0.02
1940-03-01,0,,0.02
1940-04-01,0,,0.02
1940-05-01,0,,0.06
1940-06-01,0,,0.10
1940-07-01,0,,0.05
1940-08-01,0,,0.04
1940-09-01,0,,0.05
1940-10-01,0,,0.02
1940-11-01,0,,0.02
1940-12-01,0,,0.02
1941-01-01,0,,0.02
1941-02-01,0,,0.04
1941-03-01,0,,0.11
1941-04-01,0,,0.10
1941-05-01,0,,0.11
1941-06-01,0,,0.12
1941-07-01,0,,0.12
1941-08-01,0,,0.13
1941-09-01,0,,0.10
1941-10-01,0,,0.09
1941-11-01,0,,0.28
1941-12-01,0,,0.33
1942-01-01,0,,0.27
1942-02-01,0,,0.25
1942-03-01,0,,0.25
1942-04-01,0,,0.32
1942-05-01,0,,0.37
1942-06-01,0,,0.37
1942-07-01,0,,0.38
1942-08-01,0,,0.38
1942-09-01,0,,0.38
1942-10-01,0,,0.38
1942-11-01,0,,0.38
1942-12-01,0,,0.38
1943-01-01,0,,0.38
1943-02-01,0,,0.38
1943-03-01,0,,0.38
1943-04-01,0,,0.38
1943-05-01,0,,0.38
1943-06-01,0,,0.38
1943-07-01,0,,0.38
1943-08-01,0,,0.38
1943-09-01,0,,0.38
1943-10-01,0,,0.38
1943-11-01,0,,0.38
1943-12-01,0,,0.38
1944-01-01,0,,0.38
1944-02-01,0,,0.38
1944-03-01,0,,0.38
1944-04-01,0,,0.38
1944-05-01,0,,0.38
1944-06-01,0,,0.38
1944-07-01,0,,0.38
1944-08-01,0,,0.38
1944-09-01,0,,0.38
1944-10-01,0,,0.38
1944-11-01,0,,0.38
1944-12-01,0,,0.38
1945-01-01,0,,0.38
1945-02-01,0,,0.38
1945-03-01,1,,0.38
1945-04-01,1,,0.38
1945-05-01,1,,0.38
1945-06-01,1,,0.38
1945-07-01,1,,0.38
1945-08-01,1,,0.38
1945-09-01,1,,0.38
1945-10-01,1,,0.38
1945-11-01,0,,0.38
1945-12-01,0,,0.38
1946-01-01,0,,0.38
1946-02-01,0,,0.38
1946-03-01,0,,0.38
1946-04-01,0,,0.38
1946-05-01,0,,0.38
1946-06-01,0,,0.38
1946-07-01,0,,0.38
1946-08-01,0,,0.38
1946-09-01,0,,0.38
1946-10-01,0,,0.38
1946-11-01,0,,0.38
1946-12-01,0,,0.38
1947-01-01,0,,0.38
1947-02-01,0,,0.38
1947-03-01,0,,0.38
1947-04-01,0,,0.38
1947-05-01,0,,0.38
1947-06-01,0,,0.38
1947-07-01,0,,0.66
1947-08-01,0,,0.75
1947-09-01,0,,0.80
1947-10-01,0,,0.85
1947-11-01,0,,0.92
1947-12-01,0,,0.95
1948-01-01,0,,0.97
1948-02-01,0,,1.00
1948-03-01,0,,1.00
1948-04-01,0,,1.00
1948-05-01,0,,1.00
1948-06-01,0,,1.00
1948-07-01,0,,1.00
1948-08-01,0,,1.06
1948-09-01,0,,1.09
1948-10-01,0,,1.12
1948-11-01,0,,1.14
1948-12-01,1,,1.16
1949-01-01,1,,1.17
1949-02-01,1,,1.17
1949-03-01,1,,1.17
1949-04-01,1,,1.17
1949-05-01,1,,1.17
1949-06-01,1,,1.17
1949-07-01,1,,1.02
1949-08-01,1,,1.04
1949-09-01,1,,1.07
1949-10-01,1,,1.05
1949-11-01,0,,1.08
1949-12-01,0,,1.10
1950-01-01,0,,1.07
1950-02-01,0,,1.12
1950-03-01,0,,1.12
1950-04-01,0,,1.15
1950-05-01,0,,1.16
1950-06-01,0,,1.15
1950-07-01,0,,1.16
1950-08-01,0,,1.20
1950-09-01,0,,1.30
1950-10-01,0,,1.31
1950-11-01,0,,1.36
1950-12-01,0,,1.34
1951-01-01,0,,1.34
1951-02-01,0,,1.36
1951-03-01,0,,1.40
1951-04-01,0,,1.47
1951-05-01,0,,1.55
1951-06-01,0,,1.45
1951-07-01,0,,1.56
1951-08-01,0,,1.62
1951-09-01,0,,1.63
1951-10-01,0,,1.54
1951-11-01,0,,1.56
1951-12-01,0,,1.73
1952-01-01,0,,1.57
1952-02-01,0,,1.54
1952-03-01,0,,1.59
1952-04-01,0,,1.57
1952-05-01,0,,1.67
1952-06-01,0,,1.70
1952-07-01,0,,1.81
1952-08-01,0,,1.83
1952-09-01,0,,1.71
1952-10-01,0,,1.74
1952-11-01,0,,1.85
1952-12-01,0,,2.09
1953-01-01,0,,1.96
1953-02-01,0,,1.97
1953-03-01,0,,2.01
1953-04-01,0,2.83,2.19
1953-05-01,0,3.05,2.16
1953-06-01,0,3.11,2.11
1953-07-01,0,2.93,2.04
1953-08-01,1,2.95,2.04
1953-09-01,1,2.87,1.79
1953-10-01,1,2.66,1.38
1953-11-01,1,2.68,1.44
1953-12-01,1,2.59,1.60
1954-01-01,1,2.48,1.18
1954-02-01,1,2.47,0.97
1954-03-01,1,2.37,1.03
1954-04-01,1,2.29,0.97
1954-05-01,1,2.37,0.76
1954-06-01,0,2.38,0.64
1954-07-01,0,2.30,0.72
1954-08-01,0,2.36,0.92
1954-09-01,0,2.38,1.01
1954-10-01,0,2.43,0.98
1954-11-01,0,2.48,0.93
1954-12-01,0,2.51,1.15
1955-01-01,0,2.61,1.22
1955-02-01,0,2.65,1.17
1955-03-01,0,2.68,1.28
1955-04-01,0,2.75,1.59
1955-05-01,0,2.76,1.45
1955-06-01,0,2.78,1.41
1955-07-01,0,2.90,1.60
1955-08-01,0,2.97,1.90
1955-09-01,0,2.97,2.07
1955-10-01,0,2.88,2.23
1955-11-01,0,2.89,2.24
1955-12-01,0,2.96,2.54
1956-01-01,0,2.90,2.41
1956-02-01,0,2.84,2.32
1956-03-01,0,2.96,2.25
1956-04-01,0,3.18,2.60
1956-05-01,0,3.07,2.61
1956-06-01,0,3.00,2.49
1956-07-01,0,3.11,2.31
1956-08-01,0,3.33,2.60
1956-09-01,0,3.38,2.84
1956-10-01,0,3.34,2.90
1956-11-01,0,3.49,2.99
1956-12-01,0,3.59,3.21
1957-01-01,0,3.46,3.11
1957-02-01,0,3.34,3.10
1957-03-01,0,3.41,3.08
1957-04-01,0,3.48,3.07
1957-05-01,0,3.60,3.06
1957-06-01,0,3.80,3.29
1957-07-01,0,3.93,3.16
1957-08-01,0,3.93,3.37
1957-09-01,1,3.92,3.53
1957-10-01,1,3.97,3.58
1957-11-01,1,3.72,3.31
1957-12-01,1,3.21,3.04
1958-01-01,1,3.09,2.44
1958-02-01,1,3.05,1.53
1958-03-01,1,2.98,1.30
1958-04-01,1,2.88,1.13
1958-05-01,0,2.92,0.91
1958-06-01,0,2.97,0.83
1958-07-01,0,3.20,0.91
1958-08-01,0,3.54,1.69
1958-09-01,0,3.76,2.44
1958-10-01,0,3.80,2.63
1958-11-01,0,3.74,2.67
1958-12-01,0,3.86,2.77
1959-01-01,0,4.02,2.82
1959-02-01,0,3.96,2.70
1959-03-01,0,3.99,2.80
1959-04-01,0,4.12,2.95
1959-05-01,0,4.31,2.84
1959-06-01,0,4.34,3.21
1959-07-01,0,4.40,3.20
1959-08-01,0,4.43,3.38
1959-09-01,0,4.68,4.04
1959-10-01,0,4.53,4.05
1959-11-01,0,4.53,4.15
1959-12-01,0,4.69,4.49
1960-01-01,0,4.72,4.35
1960-02-01,0,4.49,3.96
1960-03-01,0,4.25,3.31
1960-04-01,0,4.28,3.23
1960-05-01,1,4.35,3.29
1960-06-01,1,4.15,2.46
1960-07-01,1,3.90,2.30
1960-08-01,1,3.80,2.30
1960-09-01,1,3.80,2.48
1960-10-01,1,3.89,2.30
1960-11-01,1,3.93,2.37
1960-12-01,1,3.84,2.25
1961-01-01,1,3.84,2.24
1961-02-01,1,3.78,2.42
1961-03-01,0,3.74,2.39
1961-04-01,0,3.78,2.29
1961-05-01,0,3.71,2.29
1961-06-01,0,3.88,2.33
1961-07-01,0,3.92,2.24
1961-08-01,0,4.04,2.39
1961-09-01,0,3.98,2.28
1961-10-01,0,3.92,2.30
1961-11-01,0,3.94,2.48
1961-12-01,0,4.06,2.60
1962-01-01,0,4.08,2.72
1962-02-01,0,4.04,2.73
1962-03-01,0,3.93,2.72
1962-04-01,0,3.84,2.73
1962-05-01,0,3.87,2.69
1962-06-01,0,3.91,2.73
1962-07-01,0,4.01,2.92
1962-08-01,0,3.98,2.82
1962-09-01,0,3.98,2.78
1962-10-01,0,3.93,2.74
1962-11-01,0,3.92,2.83
1962-12-01,0,3.86,2.87
1963-01-01,0,3.83,2.91
1963-02-01,0,3.92,2.92
1963-03-01,0,3.93,2.89
1963-04-01,0,3.97,2.90
1963-05-01,0,3.93,2.93
1963-06-01,0,3.99,2.99
1963-07-01,0,4.02,3.18
1963-08-01,0,4.00,3.32
1963-09-01,0,4.08,3.38
1963-10-01,0,4.11,3.45
1963-11-01,0,4.12,3.52
1963-12-01,0,4.13,3.52
1964-01-01,0,4.17,3.52
1964-02-01,0,4.15,3.53
1964-03-01,0,4.22,3.54
1964-04-01,0,4.23,3.47
1964-05-01,0,4.20,3.48
1964-06-01,0,4.17,3.48
1964-07-01,0,4.19,3.46
1964-08-01,0,4.19,3.50
1964-09-01,0,4.20,3.53
1964-10-01,0,4.19,3.57
1964-11-01,0,4.15,3.64
1964-12-01,0,4.18,3.84
1965-01-01,0,4.19,3.81
1965-02-01,0,4.21,3.93
1965-03-01,0,4.21,3.93
1965-04-01,0,4.20,3.93
1965-05-01,0,4.21,3.89
1965-06-01,0,4.21,3.80
1965-07-01,0,4.20,3.84
1965-08-01,0,4.25,3.84
1965-09-01,0,4.29,3.92
1965-10-01,0,4.35,4.03
1965-11-01,0,4.45,4.09
1965-12-01,0,4.62,4.38
1966-01-01,0,4.61,4.59
1966-02-01,0,4.83,4.65
1966-03-01,0,4.87,4.59
1966-04-01,0,4.75,4.62
1966-05-01,0,4.78,4.64
1966-06-01,0,4.81,4.50
1966-07-01,0,5.02,4.80
1966-08-01,0,5.22,4.96
1966-09-01,0,5.18,5.37
1966-10-01,0,5.01,5.35
1966-11-01,0,5.16,5.32
1966-12-01,0,4.84,4.96
1967-01-01,0,4.58,4.72
1967-02-01,0,4.63,4.56
1967-03-01,0,4.54,4.26
1967-04-01,0,4.59,3.84
1967-05-01,0,4.85,3.60
1967-06-01,0,5.02,3.54
1967-07-01,0,5.16,4.21
1967-08-01,0,5.28,4.27
1967-09-01,0,5.30,4.42
1967-10-01,0,5.48,4.56
1967-11-01,0,5.75,4.73
1967-12-01,0,5.70,4.97
1968-01-01,0,5.53,5.00
1968-02-01,0,5.56,4.98
1968-03-01,0,5.74,5.17
1968-04-01,0,5.64,5.38
1968-05-01,0,5.87,5.66
1968-06-01,0,5.72,5.52
1968-07-01,0,5.50,5.31
1968-08-01,0,5.42,5.09
1968-09-01,0,5.46,5.19
1968-10-01,0,5.58,5.35
1968-11-01,0,5.70,5.45
1968-12-01,0,6.03,5.96
1969-01-01,0,6.04,6.14
1969-02-01,0,6.19,6.12
1969-03-01,0,6.30,6.02
1969-04-01,0,6.17,6.11
1969-05-01,0,6.32,6.04
1969-06-01,0,6.57,6.44
1969-07-01,0,6.72,7.00
1969-08-01,0,6.69,6.98
1969-09-01,0,7.16,7.09
1969-10-01,0,7.10,7.00
1969-11-01,0,7.14,7.24
1969-12-01,0,7.65,7.82
1970-01-01,1,7.79,7.87
1970-02-01,1,7.24,7.13
1970-03-01,1,7.07,6.63
1970-04-01,1,7.39,6.51
1970-05-01,1,7.91,6.84
1970-06-01,1,7.84,6.68
1970-07-01,1,7.46,6.45
1970-08-01,1,7.53,6.41
1970-09-01,1,7.39,6.12
1970-10-01,1,7.33,5.91
1970-11-01,1,6.84,5.28
1970-12-01,0,6.39,4.87
1971-01-01,0,6.24,4.44
1971-02-01,0,6.11,3.70
1971-03-01,0,5.70,3.38
1971-04-01,0,5.83,3.86
1971-05-01,0,6.39,4.14
1971-06-01,0,6.52,4.75
1971-07-01,0,6.73,5.40
1971-08-01,0,6.58,4.94
1971-09-01,0,6.14,4.69
1971-10-01,0,5.93,4.46
1971-11-01,0,5.81,4.22
1971-12-01,0,5.93,4.01
1972-01-01,0,5.95,3.38
1972-02-01,0,6.08,3.20
1972-03-01,0,6.07,3.73
1972-04-01,0,6.19,3.71
1972-05-01,0,6.13,3.69
1972-06-01,0,6.11,3.91
1972-07-01,0,6.11,3.98
1972-08-01,0,6.21,4.02
1972-09-01,0,6.55,4.66
1972-10-01,0,6.48,4.74
1972-11-01,0,6.28,4.78
1972-12-01,0,6.36,5.07
1973-01-01,0,6.46,5.41
1973-02-01,0,6.64,5.60
1973-03-01,0,6.71,6.09
1973-04-01,0,6.67,6.26
1973-05-01,0,6.85,6.36
1973-06-01,0,6.90,7.19
1973-07-01,0,7.13,8.01
1973-08-01,0,7.40,8.67
1973-09-01,0,7.09,8.29
1973-10-01,0,6.79,7.22
1973-11-01,0,6.73,7.83
1973-12-01,1,6.74,7.45
1974-01-01,1,6.99,7.77
1974-02-01,1,6.96,7.12
1974-03-01,1,7.21,7.96
1974-04-01,1,7.51,8.33
1974-05-01,1,7.58,8.23
1974-06-01,1,7.54,7.90
1974-07-01,1,7.81,7.55
1974-08-01,1,8.04,8.96
1974-09-01,1,8.04,8.06
1974-10-01,1,7.90,7.46
1974-11-01,1,7.68,7.47
1974-12-01,1,7.43,7.15
1975-01-01,1,7.50,6.26
1975-02-01,1,7.39,5.50
1975-03-01,1,7.73,5.49
1975-04-01,0,8.23,5.61
1975-05-01,0,8.06,5.23
1975-06-01,0,7.86,5.34
1975-07-01,0,8.06,6.13
1975-08-01,0,8.40,6.44
1975-09-01,0,8.43,6.42
1975-10-01,0,8.14,5.96
1975-11-01,0,8.05,5.48
1975-12-01,0,8.00,5.44
1976-01-01,0,7.74,4.87
1976-02-01,0,7.79,4.88
1976-03-01,0,7.73,5.00
1976-04-01,0,7.56,4.86
1976-05-01,0,7.90,5.20
1976-06-01,0,7.86,5.41
1976-07-01,0,7.83,5.23
1976-08-01,0,7.77,5.14
1976-09-01,0,7.59,5.08
1976-10-01,0,7.41,4.92
1976-11-01,0,7.29,4.75
1976-12-01,0,6.87,4.35
1977-01-01,0,7.21,4.62
1977-02-01,0,7.39,4.67
1977-03-01,0,7.46,4.60
1977-04-01,0,7.37,4.54
1977-05-01,0,7.46,4.96
1977-06-01,0,7.28,5.02
1977-07-01,0,7.33,5.19
1977-08-01,0,7.40,5.49
1977-09-01,0,7.34,5.81
1977-10-01,0,7.52,6.16
1977-11-01,0,7.58,6.10
1977-12-01,0,7.69,6.07
1978-01-01,0,7.96,6.44
1978-02-01,0,8.03,6.45
1978-03-01,0,8.04,6.29
1978-04-01,0,8.15,6.29
1978-05-01,0,8.35,6.41
1978-06-01,0,8.46,6.73
1978-07-01,0,8.64,7.01
1978-08-01,0,8.41,7.08
1978-09-01,0,8.42,7.85
1978-10-01,0,8.64,7.99
1978-11-01,0,8.81,8.64
1978-12-01,0,9.01,9.08
1979-01-01,0,9.10,9.35
1979-02-01,0,9.10,9.32
1979-03-01,0,9.12,9.48
1979-04-01,0,9.18,9.46
1979-05-01,0,9.25,9.61
1979-06-01,0,8.91,9.06
1979-07-01,0,8.95,9.24
1979-08-01,0,9.03,9.52
1979-09-01,0,9.33,10.26
1979-10-01,0,10.30,11.70
1979-11-01,0,10.65,11.79
1979-12-01,0,10.39,12.04
1980-01-01,0,10.80,12.00
1980-02-01,1,12.41,12.86
1980-03-01,1,12.75,15.20
1980-04-01,1,11.47,13.20
1980-05-01,1,10.18,8.58
1980-06-01,1,9.78,7.07
1980-07-01,1,10.25,8.06
1980-08-01,0,11.10,9.13
1980-09-01,0,11.51,10.27
1980-10-01,0,11.75,11.62
1980-11-01,0,12.68,13.73
1980-12-01,0,12.84,15.49
1981-01-01,0,12.57,15.02
1981-02-01,0,13.19,14.79
1981-03-01,0,13.12,13.36
1981-04-01,0,13.68,13.69
1981-05-01,0,14.10,16.30
1981-06-01,0,13.47,14.73
1981-07-01,0,14.28,14.95
1981-08-01,1,14.94,15.51
1981-09-01,1,15.32,14.70
1981-10-01,1,15.15,13.54
1981-11-01,1,13.39,10.86
1981-12-01,1,13.72,10.85
1982-01-01,1,14.59,12.28
1982-02-01,1,14.43,13.48
1982-03-01,1,13.86,12.68
1982-04-01,1,13.87,12.70
1982-05-01,1,13.62,12.09
1982-06-01,1,14.30,12.47
1982-07-01,1,13.95,11.35
1982-08-01,1,13.06,8.68
1982-09-01,1,12.34,7.92
1982-10-01,1,10.91,7.71
1982-11-01,1,10.55,8.07
1982-12-01,0,10.54,7.94
1983-01-01,0,10.46,7.86
1983-02-01,0,10.72,8.11
1983-03-01,0,10.51,8.35
1983-04-01,0,10.40,8.21
1983-05-01,0,10.38,8.19
1983-06-01,0,10.85,8.79
1983-07-01,0,11.38,9.08
1983-08-01,0,11.85,9.34
1983-09-01,0,11.65,9.00
1983-10-01,0,11.54,8.64
1983-11-01,0,11.69,8.76
1983-12-01,0,11.83,9.00
1984-01-01,0,11.67,8.90
1984-02-01,0,11.84,9.09
1984-03-01,0,12.32,9.52
1984-04-01,0,12.63,9.69
1984-05-01,0,13.41,9.83
1984-06-01,0,13.56,9.87
1984-07-01,0,13.36,10.12
1984-08-01,0,12.72,10.47
1984-09-01,0,12.52,10.37
1984-10-01,0,12.16,9.74
1984-11-01,0,11.57,8.61
1984-12-01,0,11.50,8.06
1985-01-01,0,11.38,7.76
1985-02-01,0,11.51,8.27
1985-03-01,0,11.86,8.52
1985-04-01,0,11.43,7.95
1985-05-01,0,10.85,7.48
1985-06-01,0,10.16,6.95
1985-07-01,0,10.31,7.08
1985-08-01,0,10.33,7.14
1985-09-01,0,10.37,7.10
1985-10-01,0,10.24,7.16
1985-11-01,0,9.78,7.24
1985-12-01,0,9.26,7.10
1986-01-01,0,9.19,7.07
1986-02-01,0,8.70,7.06
1986-03-01,0,7.78,6.56
1986-04-01,0,7.30,6.06
1986-05-01,0,7.71,6.15
1986-06-01,0,7.80,6.21
1986-07-01,0,7.30,5.83
1986-08-01,0,7.17,5.53
1986-09-01,0,7.45,5.21
1986-10-01,0,7.43,5.18
1986-11-01,0,7.25,5.35
1986-12-01,0,7.11,5.53
1987-01-01,0,7.08,5.43
1987-02-01,0,7.25,5.59
1987-03-01,0,7.25,5.59
1987-04-01,0,8.02,5.64
1987-05-01,0,8.61,5.66
1987-06-01,0,8.40,5.67
1987-07-01,0,8.45,5.69
1987-08-01,0,8.76,6.04
1987-09-01,0,9.42,6.40
1987-10-01,0,9.52,6.13
1987-11-01,0,8.86,5.69
1987-12-01,0,8.99,5.77
1988-01-01,0,8.67,5.81
1988-02-01,0,8.21,5.66
1988-03-01,0,8.37,5.70
1988-04-01,0,8.72,5.91
1988-05-01,0,9.09,6.26
1988-06-01,0,8.92,6.46
1988-07-01,0,9.06,6.73
1988-08-01,0,9.26,7.06
1988-09-01,0,8.98,7.24
1988-10-01,0,8.80,7.35
1988-11-01,0,8.96,7.76
1988-12-01,0,9.11,8.07
1989-01-01,0,9.09,8.27
1989-02-01,0,9.17,8.53
1989-03-01,0,9.36,8.82
1989-04-01,0,9.18,8.65
1989-05-01,0,8.86,8.43
1989-06-01,0,8.28,8.15
1989-07-01,0,8.02,7.88
1989-08-01,0,8.11,7.90
1989-09-01,0,8.19,7.75
1989-10-01,0,8.01,7.64
1989-11-01,0,7.87,7.69
1989-12-01,0,7.84,7.63
1990-01-01,0,8.21,7.64
1990-02-01,0,8.47,7.74
1990-03-01,0,8.59,7.90
1990-04-01,0,8.79,7.77
1990-05-01,0,8.76,7.74
1990-06-01,0,8.48,7.73
1990-07-01,0,8.47,7.62
1990-08-01,1,8.75,7.45
1990-09-01,1,8.89,7.36
1990-10-01,1,8.72,7.17
1990-11-01,1,8.39,7.06
1990-12-01,1,8.08,6.74
1991-01-01,1,8.09,6.22
1991-02-01,1,7.85,5.94
1991-03-01,1,8.11,5.91
1991-04-01,0,8.04,5.65
1991-05-01,0,8.07,5.46
1991-06-01,0,8.28,5.57
1991-07-01,0,8.27,5.58
1991-08-01,0,7.90,5.33
1991-09-01,0,7.65,5.22
1991-10-01,0,7.53,4.99
1991-11-01,0,7.42,4.56
1991-12-01,0,7.09,4.07
1992-01-01,0,7.03,3.80
1992-02-01,0,7.34,3.84
1992-03-01,0,7.54,4.04
1992-04-01,0,7.48,3.75
1992-05-01,0,7.39,3.63
1992-06-01,0,7.26,3.66
1992-07-01,0,6.84,3.21
1992-08-01,0,6.59,3.13
1992-09-01,0,6.42,2.91
1992-10-01,0,6.59,2.86
1992-11-01,0,6.87,3.13
1992-12-01,0,6.77,3.22
1993-01-01,0,6.60,3.00
1993-02-01,0,6.26,2.93
1993-03-01,0,5.98,2.95
1993-04-01,0,5.97,2.87
1993-05-01,0,6.04,2.96
1993-06-01,0,5.96,3.07
1993-07-01,0,5.81,3.04
1993-08-01,0,5.68,3.02
1993-09-01,0,5.36,2.95
1993-10-01,0,5.33,3.02
1993-11-01,0,5.72,3.10
1993-12-01,0,5.77,3.06
1994-01-01,0,5.75,2.98
1994-02-01,0,5.97,3.25
1994-03-01,0,6.48,3.50
1994-04-01,0,6.97,3.68
1994-05-01,0,7.18,4.14
1994-06-01,0,7.10,4.14
1994-07-01,0,7.30,4.33
1994-08-01,0,7.24,4.48
1994-09-01,0,7.46,4.62
1994-10-01,0,7.74,4.95
1994-11-01,0,7.96,5.29
1994-12-01,0,7.81,5.60
1995-01-01,0,7.78,5.71
1995-02-01,0,7.47,5.77
1995-03-01,0,7.20,5.73
1995-04-01,0,7.06,5.65
1995-05-01,0,6.63,5.67
1995-06-01,0,6.17,5.47
1995-07-01,0,6.28,5.42
1995-08-01,0,6.49,5.40
1995-09-01,0,6.20,5.28
1995-10-01,0,6.04,5.28
1995-11-01,0,5.93,5.36
1995-12-01,0,5.71,5.14
1996-01-01,0,5.65,5.00
1996-02-01,0,5.81,4.83
1996-03-01,0,6.27,4.96
1996-04-01,0,6.51,4.95
1996-05-01,0,6.74,5.02
1996-06-01,0,6.91,5.09
1996-07-01,0,6.87,5.15
1996-08-01,0,6.64,5.05
1996-09-01,0,6.83,5.09
1996-10-01,0,6.53,4.99
1996-11-01,0,6.20,5.03
1996-12-01,0,6.30,4.91
1997-01-01,0,6.58,5.03
1997-02-01,0,6.42,5.01
1997-03-01,0,6.69,5.14
1997-04-01,0,6.89,5.16
1997-05-01,0,6.71,5.05
1997-06-01,0,6.49,4.93
1997-07-01,0,6.22,5.05
1997-08-01,0,6.30,5.14
1997-09-01,0,6.21,4.95
1997-10-01,0,6.03,4.97
1997-11-01,0,5.88,5.14
1997-12-01,0,5.81,5.16
1998-01-01,0,5.54,5.04
1998-02-01,0,5.57,5.09
1998-03-01,0,5.65,5.03
1998-04-01,0,5.64,4.95
1998-05-01,0,5.65,5.00
1998-06-01,0,5.50,4.98
1998-07-01,0,5.46,4.96
1998-08-01,0,5.34,4.90
1998-09-01,0,4.81,4.61
1998-10-01,0,4.53,3.96
1998-11-01,0,4.83,4.41
1998-12-01,0,4.65,4.39
1999-01-01,0,4.72,4.34
1999-02-01,0,5.00,4.44
1999-03-01,0,5.23,4.44
1999-04-01,0,5.18,4.29
1999-05-01,0,5.54,4.50
1999-06-01,0,5.90,4.57
1999-07-01,0,5.79,4.55
1999-08-01,0,5.94,4.72
1999-09-01,0,5.92,4.68
1999-10-01,0,6.11,4.86
1999-11-01,0,6.03,5.07
1999-12-01,0,6.28,5.20
2000-01-01,0,6.66,5.32
2000-02-01,0,6.52,5.55
2000-03-01,0,6.26,5.69
2000-04-01,0,5.99,5.66
2000-05-01,0,6.44,5.79
2000-06-01,0,6.10,5.69
2000-07-01,0,6.05,5.96
2000-08-01,0,5.83,6.09
2000-09-01,0,5.80,6.00
2000-10-01,0,5.74,6.11
2000-11-01,0,5.72,6.17
2000-12-01,0,5.24,5.77
2001-01-01,0,5.16,5.15
2001-02-01,0,5.10,4.88
2001-03-01,0,4.89,4.42
2001-04-01,1,5.14,3.87
2001-05-01,1,5.39,3.62
2001-06-01,1,5.28,3.49
2001-07-01,1,5.24,3.51
2001-08-01,1,4.97,3.36
2001-09-01,1,4.73,2.64
2001-10-01,1,4.57,2.16
2001-11-01,1,4.65,1.87
2001-12-01,0,5.09,1.69
2002-01-01,0,5.04,1.65
2002-02-01,0,4.91,1.72
2002-03-01,0,5.28,1.79
2002-04-01,0,5.21,1.71
2002-05-01,0,5.16,1.73
2002-06-01,0,4.93,1.70
2002-07-01,0,4.65,1.68
2002-08-01,0,4.26,1.62
2002-09-01,0,3.87,1.63
2002-10-01,0,3.94,1.58
2002-11-01,0,4.05,1.23
2002-12-01,0,4.03,1.19
2003-01-01,0,4.05,1.17
2003-02-01,0,3.90,1.17
2003-03-01,0,3.81,1.13
2003-04-01,0,3.96,1.13
2003-05-01,0,3.57,1.07
2003-06-01,0,3.33,0.92
2003-07-01,0,3.98,0.90
2003-08-01,0,4.45,0.95
2003-09-01,0,4.27,0.94
2003-10-01,0,4.29,0.92
2003-11-01,0,4.30,0.93
2003-12-01,0,4.27,0.90
2004-01-01,0,4.15,0.88
2004-02-01,0,4.08,0.93
2004-03-01,0,3.83,0.94
2004-04-01,0,4.35,0.94
2004-05-01,0,4.72,1.02
2004-06-01,0,4.73,1.27
2004-07-01,0,4.50,1.33
2004-08-01,0,4.28,1.48
2004-09-01,0,4.13,1.65
2004-10-01,0,4.10,1.76
2004-11-01,0,4.19,2.07
2004-12-01,0,4.23,2.19
2005-01-01,0,4.22,2.33
2005-02-01,0,4.17,2.54
2005-03-01,0,4.50,2.74
2005-04-01,0,4.34,2.78
2005-05-01,0,4.14,2.84
2005-06-01,0,4.00,2.97
2005-07-01,0,4.18,3.22
2005-08-01,0,4.26,3.44
2005-09-01,0,4.20,3.42
2005-10-01,0,4.46,3.71
2005-11-01,0,4.54,3.88
2005-12-01,0,4.47,3.89
2006-01-01,0,4.42,4.24
2006-02-01,0,4.57,4.43
2006-03-01,0,4.72,4.51
2006-04-01,0,4.99,4.60
2006-05-01,0,5.11,4.72
2006-06-01,0,5.11,4.79
2006-07-01,0,5.09,4.95
2006-08-01,0,4.88,4.96
2006-09-01,0,4.72,4.81
2006-10-01,0,4.73,4.92
2006-11-01,0,4.60,4.94
2006-12-01,0,4.56,4.85
2007-01-01,0,4.76,4.98
2007-02-01,0,4.72,5.03
2007-03-01,0,4.56,4.94
2007-04-01,0,4.69,4.87
2007-05-01,0,4.75,4.73
2007-06-01,0,5.10,4.61
2007-07-01,0,5.00,4.82
2007-08-01,0,4.67,4.20
2007-09-01,0,4.52,3.89
2007-10-01,0,4.53,3.90
2007-11-01,0,4.15,3.27
2007-12-01,0,4.10,3.00
2008-01-01,1,3.74,2.75
2008-02-01,1,3.74,2.12
2008-03-01,1,3.51,1.26
2008-04-01,1,3.68,1.29
2008-05-01,1,3.88,1.73
2008-06-01,1,4.10,1.86
2008-07-01,1,4.01,1.63
2008-08-01,1,3.89,1.72
2008-09-01,1,3.69,1.13
2008-10-01,1,3.81,0.67
2008-11-01,1,3.53,0.19
2008-12-01,1,2.42,0.03
2009-01-01,1,2.52,0.13
2009-02-01,1,2.87,0.30
2009-03-01,1,2.82,0.21
2009-04-01,1,2.93,0.16
2009-05-01,1,3.29,0.18
2009-06-01,1,3.72,0.18
2009-07-01,0,3.56,0.18
2009-08-01,0,3.59,0.17
2009-09-01,0,3.40,0.12
2009-10-01,0,3.39,0.07
2009-11-01,0,3.40,0.05
2009-12-01,0,3.59,0.05
2010-01-01,0,3.73,0.06
2010-02-01,0,3.69,0.11
2010-03-01,0,3.73,0.15
2010-04-01,0,3.85,0.16
2010-05-01,0,3.42,0.16
2010-06-01,0,3.20,0.12
2010-07-01,0,3.01,0.16
2010-08-01,0,2.70,0.16
2010-09-01,0,2.65,0.15
2010-10-01,0,2.54,0.13
2010-11-01,0,2.76,0.14
2010-12-01,0,3.29,0.14
2011-01-01,0,3.39,0.15
2011-02-01,0,3.58,0.13
2011-03-01,0,3.41,0.10
2011-04-01,0,3.46,0.06
2011-05-01,0,3.17,0.04
2011-06-01,0,3.00,0.04
2011-07-01,0,3.00,0.04
2011-08-01,0,2.30,0.02
2011-09-01,0,1.98,0.01
2011-10-01,0,2.15,0.02
2011-11-01,0,2.01,0.01
2011-12-01,0,1.98,0.01
2012-01-01,0,1.97,0.03
2012-02-01,0,1.97,0.09
2012-03-01,0,2.17,0.08
2012-04-01,0,2.05,0.08
2012-05-01,0,1.80,0.09
2012-06-01,0,1.62,0.09
2012-07-01,0,1.53,0.10
2012-08-01,0,1.68,0.10
2012-09-01,0,1.72,0.11
2012-10-01,0,1.75,0.10
2012-11-01,0,1.65,0.09
2012-12-01,0,1.72,0.07
2013-01-01,0,1.91,0.07
2013-02-01,0,1.98,0.10
2013-03-01,0,1.96,0.09
2013-04-01,0,1.76,0.06
2013-05-01,0,1.93,0.04
2013-06-01,0,2.30,0.05
2013-07-01,0,2.58,0.04
2013-08-01,0,2.74,0.04
2013-09-01,0,2.81,0.02
2013-10-01,0,2.62,0.05
2013-11-01,0,2.72,0.07
2013-12-01,0,2.90,0.07
2014-01-01,0,2.86,0.04
2014-02-01,0,2.71,0.05
2014-03-01,0,2.72,0.05
2014-04-01,0,2.71,0.03
2014-05-01,0,2.56,0.03
2014-06-01,0,2.60,0.04
2014-07-01,0,2.54,0.03
2014-08-01,0,2.42,0.03
2014-09-01,0,2.53,0.02
2014-10-01,0,2.30,0.02
2014-11-01,0,2.33,0.02
2014-12-01,0,2.21,0.03
2015-01-01,0,1.88,0.03
2015-02-01,0,1.98,0.02
2015-03-01,0,2.04,0.03
2015-04-01,0,1.94,0.02
2015-05-01,0,2.20,0.02
2015-06-01,0,2.36,0.02
2015-07-01,0,2.32,0.03
2015-08-01,0,2.17,0.07
2015-09-01,0,2.17,0.02
2015-10-01,0,2.07,0.02
2015-11-01,0,2.26,0.12
2015-12-01,0,2.24,0.23
2016-01-01,0,2.09,0.26
2016-02-01,0,1.78,0.31
2016-03-01,0,1.89,0.29
2016-04-01,0,1.81,0.23
2016-05-01,0,1.81,0.27
2016-06-01,0,1.64,0.27
2016-07-01,0,1.50,0.30
2016-08-01,0,1.56,0.30
2016-09-01,0,1.63,0.29
2016-10-01,0,1.76,0.33
2016-11-01,0,2.14,0.45
2016-12-01,0,2.49,0.51
2017-01-01,0,2.43,0.51
2017-02-01,0,2.42,0.52
2017-03-01,0,2.48,0.74
2017-04-01,0,2.30,0.80
2017-05-01,0,2.30,0.89
2017-06-01,0,2.19,0.98
2017-07-01,0,2.32,1.07
2017-08-01,0,2.21,1.01
2017-09-01,0,2.20,1.03
2017-10-01,0,2.36,1.07
2017-11-01,0,2.35,1.23
2017-12-01,0,2.40,1.32
2018-01-01,0,2.58,1.41
2018-02-01,0,2.86,1.57
2018-03-01,0,2.84,1.70
2018-04-01,0,2.87,1.76
2018-05-01,0,2.98,1.86
2018-06-01,0,2.91,1.90
2018-07-01,0,2.89,1.96
2018-08-01,0,2.89,2.03
2018-09-01,0,3.00,2.13
2018-10-01,0,3.15,2.25
2018-11-01,0,3.12,2.33
2018-12-01,0,2.83,2.37
2019-01-01,0,2.71,2.37
2019-02-01,0,2.68,2.39
2019-03-01,0,2.57,2.40
2019-04-01,0,2.53,2.38
2019-05-01,0,2.40,2.35
2019-06-01,0,2.07,2.17
2019-07-01,0,2.06,2.10
2019-08-01,0,1.63,1.95
2019-09-01,0,1.70,1.89
2019-10-01,0,1.71,1.65
2019-11-01,0,1.81,1.54
2019-12-01,0,1.86,1.54
2020-01-01,0,1.76,1.52
2020-02-01,0,1.50,1.52
2020-03-01,1,0.87,0.29
2020-04-01,1,0.66,0.14
2020-05-01,0,0.67,0.13
2020-06-01,0,0.73,0.16
2020-07-01,0,0.62,0.13
2020-08-01,0,0.65,0.10
2020-09-01,0,0.68,0.11
2020-10-01,0,0.79,0.10
2020-11-01,0,0.87,0.09
2020-12-01,0,0.93,0.09
2021-01-01,0,1.08,0.08
2021-02-01,0,1.26,0.04
2021-03-01,0,1.61,0.03
2021-04-01,0,1.64,0.02
2021-05-01,0,1.62,0.02
2021-06-01,0,1.52,0.04
2021-07-01,0,1.32,0.05
2021-08-01,0,1.28,0.05
2021-09-01,0,1.37,0.04
2021-10-01,0,1.58,0.05
2021-11-01,0,1.56,0.05
2021-12-01,0,1.47,0.06
2022-01-01,0,1.76,0.15
2022-02-01,0,1.93,0.33
2022-03-01,0,2.13,0.44
2022-04-01,0,2.75,0.76
2022-05-01,0,2.90,0.98
2022-06-01,0,3.14,1.49
2022-07-01,0,2.90,2.23
2022-08-01,0,2.90,2.63
2022-09-01,0,3.52,3.13
2022-10-01,0,3.98,3.72
2022-11-01,0,3.89,4.15
2022-12-01,0,3.62,4.25
2023-01-01,0,3.53,4.54
2023-02-01,0,3.75,4.65
2023-03-01,0,3.66,4.69
2023-04-01,0,3.46,4.92
2023-05-01,0,3.57,5.14
2023-06-01,0,3.75,5.16
2023-07-01,0,3.90,5.25
2023-08-01,0,4.17,5.30
2023-09-01,0,4.38,5.32
2023-10-01,0,4.80,5.34
2023-11-01,0,4.50,5.27
2023-12-01,0,4.02,5.24
2024-01-01,0,4.06,5.22
2024-02-01,0,4.21,5.24
2024-03-01,0,4.21,5.24
2024-04-01,0,4.54,5.24
2024-05-01,0,4.48,5.25
2024-06-01,0,4.31,5.24
2024-07-01,0,4.25,5.20
2024-08-01,0,3.87,5.05
2024-09-01,0,3.72,4.72
2024-10-01,0,4.10,4.51
2024-11-01,0,4.36,4.42
2024-12-01,0,4.39,4.27
2025-01-01,0,4.63,4.21
2025-02-01,0,4.45,4.22
2025-03-01,0,4.28,4.20
2025-04-01,0,4.28,4.21
2025-05-01,0,4.42,4.25
2025-06-01,0,4.38,4.23
2025-07-01,0,4.39,4.25
2025-08-01,0,4.26,4.12
2025-09-01,0,4.12,3.92
2025-10-01,0,4.06,3.82
2025-11-01,0,4.09,3.78
2025-12-01,0,4.14,3.59
2026-01-01,0,4.21,3.57
2026-02-01,0,4.13,3.60
2026-03-01,0,4.25,3.61
2026-04-01,0,4.32,3.61
2026-05-01,0,4.48,3.60
2026-06-01,0,4.47,3.66
2026-07-01,0,4.60,3.73
2026-08-01,0,4.68,3.72
2026-09-01,0,4.99,3.94
